{"dim":[32,11,2,2],"array":[[[[0,0],[0,0]],[[0,0],[0,0]],[[0,0],[0,0]],[[0,0],[0,0]],[[0,0],[0,0]],[[0,0],[0,0]],[[0,0],[0,0]],[[0,0],[0,0]],[[0,0],[0,0]],[[0,0],[0,0]],[[0,0],[0,0]]],[[[0,0],[0,0]],[[0,0],[0,0]],[[0,0],[0,0]],[[0,0],[0,0]],[[0,0],[0,0]],[[0,0],[0,0]],[[0,0],[0,0]],[[0,0],[0,0]],[[0,0],[0,0]],[[0,0],[0,0]],[[0,0],[0,0]]],[[[0,0],[0,0]],[[0,0],[0,0]],[[0,0],[0,0]],[[0,0],[0,0]],[[0,0],[0,0]],[[0,0],[0,0]],[[0,0],[0,0]],[[0,0],[0,0]],[[0,0],[0,0]],[[0,0],[0,0]],[[0,0],[0,0]]],[[[0,0],[0,0]],[[0,0],[0,0]],[[0,0],[0,0]],[[0,0],[0,0]],[[0,0],[0,0]],[[0,0],[0,0]],[[0,0],[0,0]],[[0,0],[0,0]],[[0,0],[0,0]],[[0,0],[0,0]],[[0,0],[0,0]]],[[[0,0],[0,0]],[[19.140227299932107,48.698572311323275],[0,0]],[[65.52381231844721,119.7057731330014],[0,0]],[[72.0064012285917,129.1730872122321],[0,0]],[[56.254957082437045,122.62764460382365],[0,0]],[[70.69504143919275,113.62962079308123],[0,0]],[[51.822248478879324,147.87239001839112],[0,0]],[[89.8079668369584,178.69050742178712],[0,0]],[[68.1949956780991,127.0847383015958],[0,0]],[[51.01729314967675,122.88066865856133],[0,0]],[[213.76927541234244,212.17128579574364],[0,0]]],[[[0,0],[0,0]],[[35.096230827772324,45.169914056929],[0,0]],[[85.15190641781814,105.69678004590108],[0,0]],[[85.16942115748324,121.73031952536788],[0,0]],[[80.0201461414806,133.93981650527405],[0,0]],[[80.32128709367119,122.15664017739884],[0,0]],[[87.07853327291346,138.69785666890135],[0,0]],[[117.79038138311358,179.44120776185565],[0,0]],[[111.39229053332396,158.95501927736535],[0,0]],[[93.23677260180222,109.90902682776843],[0,0]],[[216.6317244633292,261.21414674239185],[0,0]]],[[[0,0],[0,0]],[[36.27789624965165,41.61848821749068],[0,0]],[[84.82173603120518,108.66821905183528],[0,0]],[[85.37231911815951,105.75141700669994],[0,0]],[[107.61687693152389,121.36939997900262],[0,0]],[[95.22097008817276,119.64328106388584],[0,0]],[[118.35664512353294,137.7541989051402],[0,0]],[[127.26612287343356,139.33379580435493],[0,0]],[[119.55927610642905,149.45426845991994],[0,0]],[[100.2139043802987,113.4461580766935],[0,0]],[[213.48191702721144,235.4964882433146],[0,0]]],[[[0,0],[0,0]],[[36.23767564980738,50.779084097502164],[0,0]],[[92.6387093641733,109.62280934056011],[0,0]],[[104.3206603249068,115.05094977083262],[0,0]],[[95.83328011537637,101.86059843433209],[0,0]],[[96.6275306406231,112.7163056736805],[0,0]],[[111.17351576369636,116.91111560754747],[0,0]],[[136.65223082511483,133.36991317134073],[0,0]],[[123.47381077830313,142.14020166124257],[0,0]],[[86.99586481077029,121.56807456698705],[0,0]],[[185.69145494757777,193.54915091618992],[0,0]]],[[[0,0],[0,0]],[[33.37122349256468,41.90531220354199],[0,0]],[[99.37921700782839,95.5211783620883],[0,0]],[[105.99177067486846,128.0553860470434],[0,0]],[[107.42531797470092,104.9060198088305],[0,0]],[[118.35763647105586,143.1011713138506],[0,0]],[[149.4094310805057,143.95574168856345],[0,0]],[[183.8872475978607,172.75692964654633],[0,0]],[[114.94239084674267,114.77814051295817],[0,0]],[[95.47290550762766,93.75643899994131],[0,0]],[[209.12313003000446,207.77358566619068],[0,0]]],[[[0,0],[0,0]],[[33.521106273232085,43.73562265945878],[0,0]],[[135.02053322365649,132.94427002520442],[0,0]],[[142.869099979314,142.9005051375274],[0,0]],[[165.87123664956653,187.7677080129803],[0,0]],[[130.11605620882509,147.27348143168243],[0,0]],[[162.36401330320473,153.4439149930411],[0,0]],[[216.93949585177535,242.430681555642],[0,0]],[[213.98233999347983,250.63068611493983],[0,0]],[[116.68348234610109,143.60355661734994],[0,0]],[[212.80115673270586,237.9644301298064],[0,0]]],[[[0,0],[0,0]],[[57.87924774863845,54.71104505052353],[0,0]],[[227.2932883183905,343.83732300272453],[0,0]],[[258.89317210534284,230.80553576492477],[0,0]],[[216.4142263266718,252.81000203669478],[0,0]],[[198.05241228651718,273.79882718475807],[0,0]],[[257.12825365943274,241.64295962019062],[0,0]],[[276.2586761454621,269.9976209562533],[0,0]],[[270.34693876875167,254.7656446825911],[0,0]],[[231.05017434220233,311.35032622055326],[0,0]],[[506.79449343780317,486.288293439777],[0,0]]],[[[0,0],[0,0]],[[101.33655692179826,97.81657686392802],[0,0]],[[177.2468690218977,176.78422235280885],[0,0]],[[164.6884374661804,164.4419069635882],[0,0]],[[186.46795085248303,238.39735939985707],[0,0]],[[176.8898139130931,174.5188235445761],[0,0]],[[201.45692089722425,198.93567087211588],[0,0]],[[208.25189267169884,312.78772501063054],[0,0]],[[210.0658670783231,310.8572199865367],[0,0]],[[165.59783189267475,165.65526226040203],[0,0]],[[426.7894012997633,394.72177712626694],[0,0]]],[[[0,0],[0,0]],[[36.4421571451196,35.321915696642776],[17.341668228442416,49.7669870453804]],[[91.20910909068996,84.57289527744891],[63.433973122004545,136.27234756780445]],[[90.94097244348026,74.7032966156077],[69.87918937366545,130.10885179201577]],[[89.84900831699213,128.9019519636713],[86.82176471191356,119.52197872043124]],[[83.80516032599057,71.16500692797811],[60.30768218445064,118.45847415757636]],[[118.04738089104126,114.12397836318506],[81.70241387975373,148.10216644773226]],[[108.32453008841026,100.17843786353602],[87.32483969814446,182.28595359381322]],[[130.1082503987615,99.50824274607032],[75.47590498133334,155.4369727569123]],[[93.73604936397206,68.99828497850883],[71.22893053863878,122.23314167125672]],[[171.27759884992545,143.20854637847478],[227.68957658293672,318.7153206201153]]],[[[0,0],[0,0]],[[29.54419986207266,44.13671562206087],[36.20762475007071,48.06448289575055]],[[87.27495137609733,136.7758652928878],[107.32557937837147,146.57940130740775]],[[111.04810149808208,92.35481145993288],[102.1793907761857,141.08182567261858]],[[98.94320409286713,96.1370729252158],[98.21767249931167,150.78812511498487]],[[119.79003727240912,119.45720185182684],[103.73990474584885,147.3272029518543]],[[135.72239767265356,128.1911110154993],[110.02626166148326,155.90265911471084]],[[111.69325531343657,156.8856790681771],[104.57334009240431,161.1319178725773]],[[93.54158123069115,189.39042411763904],[112.23408469791822,154.50679328834588]],[[99.97043326637099,97.63569200184668],[88.4293367169704,131.51022519366674]],[[220.62593872195657,217.86454382290995],[243.75228713094634,306.0249819322592]]],[[[0,0],[0,0]],[[27.587734735626768,59.94025972101504],[32.60690417994683,47.37907951155506]],[[82.30267334323992,81.40395973352524],[91.45915234415213,121.24175463007194]],[[96.94502792161309,124.90746512229198],[85.60786750964137,131.06354847954987]],[[87.41122245462873,60.861659834830384],[98.01853949665973,133.34995518099058]],[[88.02798772707375,74.06816398261554],[91.70121995014343,134.3051243598238]],[[103.83033659566183,82.92039674063213],[75.89576920702375,155.57674207959974]],[[111.95183025919106,101.60717304530633],[120.6920067998756,166.74472286088167]],[[90.32089967432785,87.99328571744967],[95.15642450061796,158.0055570985502]],[[75.27741054630697,63.79227942079908],[77.08433207380098,123.72519823069891]],[[187.48298606248574,156.69152214210365],[214.9614874687613,262.0419314208275]]],[[[0,0],[0,0]],[[23.295811017194225,22.059206205608433],[30.902604701196374,45.55157819345079]],[[76.8501024507913,75.23751497620441],[91.42173703628642,120.60453853099332]],[[73.64492398758702,66.28884225746174],[95.34356426655324,112.73855655843542]],[[69.46760316261643,69.43783120377744],[97.33402402654006,138.0938478833399]],[[74.64040659071748,63.46312599806379],[96.82876408102167,128.03190634964477]],[[79.58480685447951,54.55226632596646],[109.08845635855508,154.1428876114067]],[[123.7529216558458,112.60411522068048],[101.93014306170116,163.2873071194125]],[[101.6534580767652,193.78341638803937],[99.61325743653018,157.2016590981464]],[[43.53099431992353,38.19847557185284],[87.07385473551456,113.54296152959343]],[[147.43381507850955,152.52882840197688],[213.86525290454844,228.90035233447566]]],[[[0,0],[0,0]],[[18.62073765481561,17.424828310576636],[33.28992327934528,49.68848256108668]],[[73.34385441443182,61.78515479286617],[101.06122756618201,106.31696409475707]],[[73.91212153863528,49.16961656874625],