{"dim":[32,11,2,2],"array":[[[[0,0],[0,0]],[[0,0],[0,0]],[[0,0],[0,0]],[[0,0],[0,0]],[[0,0],[0,0]],[[0,0],[0,0]],[[0,0],[0,0]],[[0,0],[0,0]],[[0,0],[0,0]],[[0,0],[0,0]],[[0,0],[0,0]]],[[[0,0],[0,0]],[[0,0],[0,0]],[[0,0],[0,0]],[[0,0],[0,0]],[[0,0],[0,0]],[[0,0],[0,0]],[[0,0],[0,0]],[[0,0],[0,0]],[[0,0],[0,0]],[[0,0],[0,0]],[[0,0],[0,0]]],[[[0,0],[0,0]],[[0,0],[0,0]],[[0,0],[0,0]],[[0,0],[0,0]],[[0,0],[0,0]],[[0,0],[0,0]],[[0,0],[0,0]],[[0,0],[0,0]],[[0,0],[0,0]],[[0,0],[0,0]],[[0,0],[0,0]]],[[[0,0],[0,0]],[[0,0],[0,0]],[[0,0],[0,0]],[[0,0],[0,0]],[[0,0],[0,0]],[[0,0],[0,0]],[[0,0],[0,0]],[[0,0],[0,0]],[[0,0],[0,0]],[[0,0],[0,0]],[[0,0],[0,0]]],[[[0,0],[0,0]],[[27.484873806882327,54.77284290501099],[0,0]],[[57.77388701179747,107.60919651333525],[0,0]],[[53.335019311181384,119.01717416216552],[0,0]],[[51.48340481464959,121.03863880168335],[0,0]],[[56.694599313825655,107.59787828943661],[0,0]],[[62.298310790609996,134.12892572850674],[0,0]],[[76.82765434744093,169.01505831405873],[0,0]],[[77.85939723643524,142.94372708542443],[0,0]],[[67.62256347757254,128.23103963071674],[0,0]],[[204.05727626419807,256.86584460348206],[0,0]]],[[[0,0],[0,0]],[[33.177480358630234,48.38783608983708],[0,0]],[[88.73532635356554,105.88210847883242],[0,0]],[[82.33129431012593,105.39107011949538],[0,0]],[[80.21382390207688,133.98832009334356],[0,0]],[[92.43562883797613,125.90786868913781],[0,0]],[[96.90707340463791,138.37143218632625],[0,0]],[[127.97607635820222,181.56427402174288],[0,0]],[[108.79253944650105,168.6365730153828],[0,0]],[[74.0522738374969,114.0575601835537],[0,0]],[[211.16512980972485,221.6516317239656],[0,0]]],[[[0,0],[0,0]],[[34.02411654198182,49.24234441673824],[0,0]],[[90.82833659876758,116.96095767806459],[0,0]],[[95.6538172176732,119.07368744816627],[0,0]],[[98.30690762947569,124.87706657649744],[0,0]],[[91.97175523371449,102.66469814107847],[0,0]],[[106.28360873444238,124.23383470816896],[0,0]],[[137.2105676242419,149.3631798303699],[0,0]],[[120.10287625700391,149.5640372931706],[0,0]],[[89.54487137680863,127.0931080861569],[0,0]],[[231.9415138325565,250.94369814990952],[0,0]]],[[[0,0],[0,0]],[[35.59053127819898,55.24566046986317],[0,0]],[[89.65674638257333,105.64483409929316],[0,0]],[[88.49557448850362,101.04682808736516],[0,0]],[[94.88353539831299,102.73415349660662],[0,0]],[[94.99245080414555,109.6351897061225],[0,0]],[[116.11099817407145,114.79899100727403],[0,0]],[[143.8082960787269,142.68725585317486],[0,0]],[[121.55047188871434,121.0623358421888],[0,0]],[[97.54207081481458,124.9728359840585],[0,0]],[[218.81343435959923,216.6892650505937],[0,0]]],[[[0,0],[0,0]],[[35.23959714996815,45.49061276327031],[0,0]],[[94.95798534129918,112.89875769079441],[0,0]],[[106.27045974492441,129.93588848138717],[0,0]],[[112.25435068632405,148.8334468470932],[0,0]],[[111.78232048493514,146.21041062151056],[0,0]],[[140.51613815788923,154.7963640066478],[0,0]],[[190.71325611854124,189.80645616079934],[0,0]],[[132.14748481069984,147.05134001728183],[0,0]],[[91.47911376634733,91.57435079302027],[0,0]],[[208.5433030164532,222.75913369425518],[0,0]]],[[[0,0],[0,0]],[[36.82890774682818,38.98276717891089],[0,0]],[[121.71097075621174,150.42372787617947],[0,0]],[[136.87928742975416,183.39594185197586],[0,0]],[[145.98181127469334,179.48918860198722],[0,0]],[[141.13223276560845,140.9249665002402],[0,0]],[[144.66850131731874,140.1128813406912],[0,0]],[[189.07266160559524,187.11532934830228],[0,0]],[[195.06076815767037,206.30664796137475],[0,0]],[[110.03247493288538,135.68644917959887],[0,0]],[[204.38681300751486,194.11528784389165],[0,0]]],[[[0,0],[0,0]],[[64.35431246022017,95.9043240302698],[0,0]],[[191.1647198559776,209.66097672536947],[0,0]],[[227.64887436703597,224.5563178211841],[0,0]],[[227.3776284791162,272.08058969657077],[0,0]],[[240.48263495527164,225.25598220868056],[0,0]],[[241.381451629136,195.29295100820974],[0,0]],[[312.3509094993586,413.7288193880088],[0,0]],[[294.71529699589195,258.7215864404806],[0,0]],[[260.2738583699926,334.41834703794973],[0,0]],[[587.1118840171147,549.6669823403536],[0,0]]],[[[0,0],[0,0]],[[96.97537170104951,119.82028778228099],[0,0]],[[163.0951375762007,208.83593653832355],[0,0]],[[164.56696513953625,156.60419219750656],[0,0]],[[165.48666547914726,202.05505010503538],[0,0]],[[153.2571453929417,209.52634893190623],[0,0]],[[182.6749269500288,177.4481775765268],[0,0]],[[228.42131038323205,279.0754285450044],[0,0]],[[205.14551556395892,200.08566112486187],[0,0]],[[163.1408432185096,151.06019419131871],[0,0]],[[382.17268684635474,367.91424704085],[0,0]]],[[[0,0],[0,0]],[[33.651744498162245,32.26606756731668],[20.922438634248405,54.77597625029692]],[[109.90073159599129,102.06738535014183],[62.16051881016239,117.21487610809055]],[[103.18145569807923,82.28739448672293],[79.09885293730565,144.78265501221185]],[[120.05083945237222,114.69436439073127],[70.7244524487665,134.70330639706594]],[[98.65974643496895,90.28720546160389],[65.76361556895914,126.65107785483823]],[[119.2494388302472,83.95812194038166],[50.7124628576077,155.37565538124727]],[[115.23399798964088,190.4443022574198],[116.72490630550044,177.71099671157273]],[[123.36248959027466,176.13023526838765],[97.27990544861309,145.83307274086434]],[[82.51697877342191,71.22827237490264],[61.538320377897264,125.63173261016594]],[[231.76330600360507,231.4376049450421],[231.3313378230322,285.50120030120263]]],[[[0,0],[0,0]],[[43.907943940373734,78.17286808581753],[36.63269912475528,61.64687347374793]],[[86.22034111968763,75.80326459839367],[74.55794154608215,112.45791414654522]],[[75.43552574301792,71.87635214894512],[98.26668838633158,119.17775374972285]],[[89.52413534638039,74.2990960214321],[93.37346184528379,148.68263641916352]],[[90.54923879550185,96.15244834397448],[89.18491913693411,124.21009679868328]],[[117.08259224053583,90.81429140383761],[111.79492217582165,151.74047525254133]],[[151.61465801526302,119.87329881627788],[135.30326677756764,183.49364426990957]],[[128.6948087019127,185.91829400093445],[110.74071560687376,181.29037699857625]],[[102.99729207269382,101.61518770064096],[89.47866444880793,128.84029737930405]],[[194.52373252851172,172.92985297964748],[231.01122498775877,280.57004378859]]],[[[0,0],[0,0]],[[32.54319056113216,37.50215152669819],[38.55536171269465,56.98982899557945]],[[75.51802427667315,70.71074319156205],[83.44571569902278,109.43281026352057]],[[97.3556229036822,91.53811346695026],[104.3287333029736,134.81751693586074]],[[106.0878673482595,89.69050700739977],[93.30461488748718,126.25039231496415]],[[79.79008761868317,62.27004320639856],[97.61204364234597,134.66364594920498]],[[99.11715026640773,78.1455982599773],[112.30517651017296,144.8279693143689]],[[126.9852053493457,115.55382482687274],[134.66790160593246,179.89936071082917]],[[108.22028540713418,200.41558225113837],[119.55352861681853,169.23804607387189]],[[95.99071999215909,82.76899945177563],[80.17805857249712,137.41050096557413]],[[185.92971565274135,179.76525444287176],[213.75644440856465,245.7162114560034]]],[[[0,0],[0,0]],[[28.084145928277056,41.73825282505803],[35.436844035600956,49.04281879340569]],[[66.87004298176605,63.221704187226884],[77.86825288442057,103.32173969341193]],[[73.06471790983993,136.11145957788332],[95.9971562236761,106.75962734075023]],[[94.65485770401453,77.25349595798555],[74.59551015888562,131.36401466628777]],[[100.23160391915323,99.66873413992127],[88.52004395104383,124.57100580981451]],[[64.27061167654767,149.45549032100217],[106.40662934665306,139.6916314467635]],[[118.02845099798226,100.65126886767773],[128.656191267854,181.89079162055108]],[[114.4774603355459,177.6775453099464],[116.76535871792288,167.63185525971676]],[[57.66924291507659,51.28568343784454],[85.94278929755511,106.32068060549918]],[[143.42581860050646,121.83864958931687],[227.0599384019935,222.90321454330132]]],[[[0,0],[0,0]],[[26.73157681748258,23.970395691177732],[41.87110221074397,57.98492969091981]],[[52.61937289345025,81.43665713204445],[72.99375263053672,105.72864711611518]],[[63.86423153218139,